[
  {
    "flight_id": "BA2490",
    "origin": "LHR",
    "destination": "JFK",
    "departure_datetime": "2025-11-14 10:30",
    "arrival_datetime": "2025-11-14 13:05",
    "price": 489.99
  },
  {
    "flight_id": "LH172",
    "origin": "FRA",
    "destination": "RIX",
    "departure_datetime": "2025-11-12 07:15",
    "arrival_datetime": "2025-11-12 10:30",
    "price": 159.5
  },
  {
    "flight_id": "FR1234",
    "origin": "RIX",
    "destination": "OSL",
    "departure_datetime": "2025-11-15 08:00",
    "arrival_datetime": "2025-11-15 08:55",
    "price": 99.99
  },
  {
    "flight_id": "BT102",
    "origin": "RIX",
    "destination": "HEL",
    "departure_datetime": "2025-11-14 09:40",
    "arrival_datetime": "2025-11-14 10:25",
    "price": 120.0
  },
  {
    "flight_id": "AA9999",
    "origin": "JFK",
    "destination": "LHR",
    "departure_datetime": "2025-11-15 20:15",
    "arrival_datetime": "2025-11-16 08:10",
    "price": 550.0
  },
  {
    "flight_id": "DY4501",
    "origin": "OSL",
    "destination": "ARN",
    "departure_datetime": "2025-12-01 06:00",
    "arrival_datetime": "2025-12-01 07:10",
    "price": 75.0
  },
  {
    "flight_id": "AF112",
    "origin": "CDG",
    "destination": "DXB",
    "departure_datetime": "2025-11-20 21:10",
    "arrival_datetime": "2025-11-21 05:45",
    "price": 620.0
  },
  {
    "flight_id": "W61025",
    "origin": "XXX",
    "destination": "RIX",
    "departure_datetime": "2025-11-16 11:00",
    "arrival_datetime": "2025-11-16 13:00",
    "price": 80.0
  }
]